onnx/TinyYOLO.onnx,vnnlib/TinyYOLO_prop_000419_eps_1_255.vnnlib,300
onnx/TinyYOLO.onnx,vnnlib/TinyYOLO_prop_000260_eps_1_255.vnnlib,300
onnx/TinyYOLO.onnx,vnnlib/TinyYOLO_prop_000309_eps_1_255.vnnlib,300
onnx/TinyYOLO.onnx,vnnlib/TinyYOLO_prop_000063_eps_1_255.vnnlib,300
onnx/TinyYOLO.onnx,vnnlib/TinyYOLO_prop_000135_eps_1_255.vnnlib,300
onnx/TinyYOLO.onnx,vnnlib/TinyYOLO_prop_000234_eps_1_255.vnnlib,300
onnx/TinyYOLO.onnx,vnnlib/TinyYOLO_prop_000255_eps_1_255.vnnlib,300
onnx/TinyYOLO.onnx,vnnlib/TinyYOLO_prop_000113_eps_1_255.vnnlib,300
onnx/TinyYOLO.onnx,vnnlib/TinyYOLO_prop_000518_eps_1_255.vnnlib,300
onnx/TinyYOLO.onnx,vnnlib/TinyYOLO_prop_000090_eps_1_255.vnnlib,300
onnx/TinyYOLO.onnx,vnnlib/TinyYOLO_prop_000301_eps_1_255.vnnlib,300
onnx/TinyYOLO.onnx,vnnlib/TinyYOLO_prop_000433_eps_1_255.vnnlib,300
onnx/TinyYOLO.onnx,vnnlib/TinyYOLO_prop_000059_eps_1_255.vnnlib,300
onnx/TinyYOLO.onnx,vnnlib/TinyYOLO_prop_000220_eps_1_255.vnnlib,300
onnx/TinyYOLO.onnx,vnnlib/TinyYOLO_prop_000335_eps_1_255.vnnlib,300
onnx/TinyYOLO.onnx,vnnlib/TinyYOLO_prop_000434_eps_1_255.vnnlib,300
onnx/TinyYOLO.onnx,vnnlib/TinyYOLO_prop_000455_eps_1_255.vnnlib,300
onnx/TinyYOLO.onnx,vnnlib/TinyYOLO_prop_000142_eps_1_255.vnnlib,300
onnx/TinyYOLO.onnx,vnnlib/TinyYOLO_prop_000409_eps_1_255.vnnlib,300
onnx/TinyYOLO.onnx,vnnlib/TinyYOLO_prop_000070_eps_1_255.vnnlib,300
onnx/TinyYOLO.onnx,vnnlib/TinyYOLO_prop_000097_eps_1_255.vnnlib,300
onnx/TinyYOLO.onnx,vnnlib/TinyYOLO_prop_000399_eps_1_255.vnnlib,300
onnx/TinyYOLO.onnx,vnnlib/TinyYOLO_prop_000391_eps_1_255.vnnlib,300
onnx/TinyYOLO.onnx,vnnlib/TinyYOLO_prop_000495_eps_1_255.vnnlib,300
onnx/TinyYOLO.onnx,vnnlib/TinyYOLO_prop_000183_eps_1_255.vnnlib,300
onnx/TinyYOLO.onnx,vnnlib/TinyYOLO_prop_000321_eps_1_255.vnnlib,300
onnx/TinyYOLO.onnx,vnnlib/TinyYOLO_prop_000510_eps_1_255.vnnlib,300
onnx/TinyYOLO.onnx,vnnlib/TinyYOLO_prop_000057_eps_1_255.vnnlib,300
onnx/TinyYOLO.onnx,vnnlib/TinyYOLO_prop_000204_eps_1_255.vnnlib,300
onnx/TinyYOLO.onnx,vnnlib/TinyYOLO_prop_000407_eps_1_255.vnnlib,300
onnx/TinyYOLO.onnx,vnnlib/TinyYOLO_prop_000252_eps_1_255.vnnlib,300
onnx/TinyYOLO.onnx,vnnlib/TinyYOLO_prop_000147_eps_1_255.vnnlib,300
onnx/TinyYOLO.onnx,vnnlib/TinyYOLO_prop_000080_eps_1_255.vnnlib,300
onnx/TinyYOLO.onnx,vnnlib/TinyYOLO_prop_000368_eps_1_255.vnnlib,300
onnx/TinyYOLO.onnx,vnnlib/TinyYOLO_prop_000010_eps_1_255.vnnlib,300
onnx/TinyYOLO.onnx,vnnlib/TinyYOLO_prop_000162_eps_1_255.vnnlib,300
onnx/TinyYOLO.onnx,vnnlib/TinyYOLO_prop_000381_eps_1_255.vnnlib,300
onnx/TinyYOLO.onnx,vnnlib/TinyYOLO_prop_000303_eps_1_255.vnnlib,300
onnx/TinyYOLO.onnx,vnnlib/TinyYOLO_prop_000038_eps_1_255.vnnlib,300
onnx/TinyYOLO.onnx,vnnlib/TinyYOLO_prop_000098_eps_1_255.vnnlib,300
onnx/TinyYOLO.onnx,vnnlib/TinyYOLO_prop_000218_eps_1_255.vnnlib,300
onnx/TinyYOLO.onnx,vnnlib/TinyYOLO_prop_000179_eps_1_255.vnnlib,300
onnx/TinyYOLO.onnx,vnnlib/TinyYOLO_prop_000188_eps_1_255.vnnlib,300
onnx/TinyYOLO.onnx,vnnlib/TinyYOLO_prop_000497_eps_1_255.vnnlib,300
onnx/TinyYOLO.onnx,vnnlib/TinyYOLO_prop_000459_eps_1_255.vnnlib,300
onnx/TinyYOLO.onnx,vnnlib/TinyYOLO_prop_000444_eps_1_255.vnnlib,300
onnx/TinyYOLO.onnx,vnnlib/TinyYOLO_prop_000415_eps_1_255.vnnlib,300
onnx/TinyYOLO.onnx,vnnlib/TinyYOLO_prop_000185_eps_1_255.vnnlib,300
onnx/TinyYOLO.onnx,vnnlib/TinyYOLO_prop_000145_eps_1_255.vnnlib,300
onnx/TinyYOLO.onnx,vnnlib/TinyYOLO_prop_000231_eps_1_255.vnnlib,300
